,gpt4o-mini,haiku,sonnet
gpt4o-mini,1.0,0.41944444444444445,0.7861111111111111
haiku,0.41944444444444445,1.0,0.31666666666666665
sonnet,0.7861111111111111,0.31666666666666665,1.0
